case_id,struct_type,mesh,thickness,load_id,fc_disp_max,os_disp_max,disp_abs_max,disp_rel_max,disp_rel_p99,fc_axial_max,os_axial_max,axial_rel_max,fc_moment_max,os_moment_max,moment_rel_max,fc_freq1,fc_freq2,fc_freq3,fc_freq4,fc_freq5,fc_freq6,fc_freq7,fc_freq8,fc_freq9,fc_freq10,os_freq1,os_freq2,os_freq3,os_freq4,os_freq5,os_freq6,os_freq7,os_freq8,os_freq9,os_freq10,freq1_rel,freq2_rel,freq3_rel,freq4_rel,freq5_rel,freq6_rel,freq7_rel,freq8_rel,freq9_rel,freq10_rel,fc_runtime_ms,os_runtime_ms,verdict,notes
A1,A_building,default,mixed,L1,0.0016625,0.0016625,2.36827417852e-18,1.42452582167e-15,1.42452582167e-15,3562.5,3562.5,1.27648379196e-16,1.09941661589e-11,1.27370589199e-10,0,,,,,,,,,,,,,,,,,,,,,,,,,,,,,,,13.675,0.480,MINOR,Oracle: OpenSees elasticBeamColumn. L1 uses deterministic gravity-like equivalent nodal loads. oracle=OpenSees equivalent elastic model
A1,A_building,default,mixed,L2,0.00112,0.00112,5.18411268774e-16,4.62867204262e-13,4.62867204262e-13,2400,2400,2.02552049207e-13,1852600.13071,1852600.13071,1.7565981198e-12,,,,,,,,,,,,,,,,,,,,,,,,,,,,,,,33.707,0.235,MINOR,Oracle: OpenSees elasticBeamColumn. L2 uses member UDL on horizontal members. oracle=OpenSees equivalent elastic model
A1,A_building,default,mixed,L3,0.0233123662816,0.0233123662816,4.24521529041e-14,1.8210143231e-12,1.8210143231e-12,49955.0706033,49955.0706033,7.52865013571e-13,134788.189987,134788.189987,1.25127207e-12,,,,,,,,,,,,,,,,,,,,,,,,,,,,,,,8.478,0.208,MINOR,Oracle: OpenSees elasticBeamColumn. L3 point load at node 3. oracle=OpenSees equivalent elastic model
A1,A_building,default,mixed,L4,0.857797776021,0.857797776021,4.14168699336e-13,4.82827900601e-13,4.82827900601e-13,30638.6392811,30638.6392811,9.85290105877e-13,44115167.2171,44115167.217,1.05412269134e-12,,,,,,,,,,,,,,,,,,,,,,,,,,,,,,,8.767,0.197,MINOR,Oracle: OpenSees elasticBeamColumn. L4 asymmetric load at node 3. oracle=OpenSees equivalent elastic model
A2,A_building,default,mixed,L1,0.060404745052,0.060404745052,4.76285677564e-14,7.88490502119e-13,7.78045555308e-13,38891.633553,38891.633553,1.27057317017e-12,213283.048229,213283.048229,3.44784309047e-12,,,,,,,,,,,,,,,,,,,,,,,,,,,,,,,16.437,7.203,MINOR,Oracle: OpenSees elasticBeamColumn. L1 uses deterministic gravity-like equivalent nodal loads. oracle=OpenSees equivalent elastic model
A2,A_building,default,mixed,L2,0.0633933677708,0.0633933677708,6.4531550676e-14,1.01795428994e-12,9.83396433388e-13,40128.3102407,40128.3102407,1.1632412577e-12,1856490.99139,1856490.99139,2.83687299527e-12,,,,,,,,,,,,,,,,,,,,,,,,,,,,,,,44.763,6.599,MINOR,Oracle: OpenSees elasticBeamColumn. L2 uses member UDL on horizontal members. oracle=OpenSees equivalent elastic model
A2,A_building,default,mixed,L3,0.123673349874,0.123673349874,2.8867186419e-13,2.33414769216e-12,2.93157100417e-13,48816.3398147,48816.3398147,8.65370285201e-13,1744239.48732,1744239.48732,2.73191381554e-12,,,,,,,,,,,,,,,,,,,,,,,,,,,,,,,16.001,5.633,MINOR,Oracle: OpenSees elasticBeamColumn. L3 point load at node 119. oracle=OpenSees equivalent elastic model
A2,A_building,default,mixed,L4,0.827395903053,0.827395903054,8.37691027655e-13,1.01244280346e-12,9.07578941967e-13,34071.7565177,34071.7565177,1.32495895813e-12,6641586.96103,6641586.96103,1.31013067595e-12,,,,,,,,,,,,,,,,,,,,,,,,,,,,,,,16.054,5.894,MINOR,Oracle: OpenSees elasticBeamColumn. L4 asymmetric load at node 104. oracle=OpenSees equivalent elastic model
A3,A_building,default,250,L1,0.101235683787,0.101235683787,6.90697499195e-14,6.82266838487e-13,4.34830301724e-13,35026.1240657,35026.1240657,1.37766173633e-12,231355.090218,231355.090218,2.47707333771e-12,,,,,,,,,,,,,,,,,,,,,,,,,,,,,,,13.374,5.748,MINOR,Oracle: OpenSees elasticBeamColumn. Central wall is a faceted vertical MITC4 strip. L1 uses deterministic gravity-like equivalent nodal loads. oracle=OpenSees equivalent elastic model
A3,A_building,default,250,L2,0.0565831956391,0.0565831956391,4.58591498109e-14,8.10472955671e-13,7.97473994663e-13,35890.9965716,35890.9965716,1.30351374796e-12,1550482.36373,1550482.36373,3.03276437658e-12,,,,,,,,,,,,,,,,,,,,,,,,,,,,,,,40.441,3.629,MINOR,Oracle: OpenSees elasticBeamColumn. Central wall is a faceted vertical MITC4 strip. L2 uses member UDL on horizontal members. oracle=OpenSees equivalent elastic model
A3,A_building,default,250,L3,0.121946936112,0.121946936112,2.4828750167e-13,2.03602902693e-12,6.30860595316e-13,48554.7359947,48554.7359947,9.77775338697e-13,1854753.96981,1854753.9698,2.59913635734e-12,,,,,,,,,,,,,,,,,,,,,,,,,,,,,,,15.205,3.157,MINOR,Oracle: OpenSees elasticBeamColumn. Central wall is a faceted vertical MITC4 strip. L3 point load at node 71. oracle=OpenSees equivalent elastic model
A3,A_building,default,250,L4,1.04801845728,1.04801845728,5.13611375652e-12,4.90078559287e-12,1.48224875741e-12,39387.8869461,39387.8869461,1.43642756173e-12,8557108.62218,8557108.62218,1.77642329133e-12,,,,,,,,,,,,,,,,,,,,,,,,,,,,,,,15.483,3.348,MINOR,Oracle: OpenSees elasticBeamColumn. Central wall is a faceted vertical MITC4 strip. L4 asymmetric load at node 63. oracle=OpenSees equivalent elastic model
A4,A_building,default,180,L1,0.128114058191,0.128114058192,5.16336973178e-13,4.03029129251e-12,3.83899165206e-12,,,,,,,,,,,,,,,,,,,,,,,,,,,,,,,,,,,,,13.123,4.843,MINOR,Oracle: OpenSees ShellMITC4 faceted tube. L1 uses deterministic gravity-like equivalent nodal loads. oracle=OpenSees equivalent elastic model
A4,A_building,default,180,L2,0.296560319888,0.296560319888,5.58400005922e-13,1.8829221864e-12,1.83507636981e-12,,,,,,,,,,,,,,,,,,,,,,,,,,,,,,,,,,,,,40.484,3.641,MINOR,Oracle: OpenSees ShellMITC4 faceted tube. L2 uses shell pressure represented as matching nodal loads. oracle=OpenSees equivalent elastic model
A4,A_building,default,180,L3,4.11215941231e-05,4.11215941231e-05,5.0857552219e-17,1.23676023033e-12,9.80394389304e-13,,,,,,,,,,,,,,,,,,,,,,,,,,,,,,,,,,,,,11.191,3.600,MINOR,Oracle: OpenSees ShellMITC4 faceted tube. L3 point load at node 26. oracle=OpenSees equivalent elastic model
A4,A_building,default,180,L4,0.0336674562349,0.0336674562349,4.40897318654e-14,1.30956528339e-12,1.04467406834e-12,,,,,,,,,,,,,,,,,,,,,,,,,,,,,,,,,,,,,37.957,3.450,MINOR,Oracle: OpenSees ShellMITC4 faceted tube. L4 asymmetric load at node 25. oracle=OpenSees equivalent elastic model
A5,A_building,default,mixed,L1,0.0885834061201,0.0885834061201,4.86936879707e-14,5.49693109618e-13,5.49693109618e-13,3771.68149226,3771.68149226,1.28544493787e-12,13364.9485124,13364.9485124,2.65506786288e-12,,,,,,,,,,,,,,,,,,,,,,,,,,,,,,,8.856,0.578,MINOR,Oracle: OpenSees beam-column truss surrogate. L1 uses deterministic gravity-like equivalent nodal loads. oracle=OpenSees equivalent elastic model
A5,A_building,default,mixed,L2,1.21560579117,1.21560579117,4.42335057471e-12,3.63880347299e-12,3.63880347299e-12,51901.7713367,51901.7713367,8.71613151172e-13,1922356.93835,1922356.93835,2.5483075722e-12,,,,,,,,,,,,,,,,,,,,,,,,,,,,,,,32.439,0.485,MINOR,Oracle: OpenSees beam-column truss surrogate. L2 uses member UDL on horizontal members. oracle=OpenSees equivalent elastic model
A5,A_building,default,mixed,L3,0.0833167192651,0.0833167192651,4.91620633092e-14,5.90062399754e-13,5.90062399754e-13,49990.0315591,49990.0315591,4.43485274143e-13,26930.3676349,26930.3676349,1.40653985318e-12,,,,,,,,,,,,,,,,,,,,,,,,,,,,,,,8.846,0.453,MINOR,Oracle: OpenSees beam-column truss surrogate. L3 point load at node 106. oracle=OpenSees equivalent elastic model
A5,A_building,default,mixed,L4,0.151429374264,0.151429374264,4.2268966105e-13,2.79133201932e-12,2.79133201932e-12,27921.1970434,27921.1970434,1.77702173311e-12,78130.9170293,78130.9170293,5.77795330372e-13,,,,,,,,,,,,,,,,,,,,,,,,,,,,,,,9.679,0.535,MINOR,Oracle: OpenSees beam-column truss surrogate. L4 asymmetric load at node 106. oracle=OpenSees equivalent elastic model
A6,A_building,default,mixed,L1,354.016682616,354.016682616,6.35111518932e-10,1.79401579111e-12,1.53245204604e-12,0,0,0,24028527.072,24028527.072,8.52528278608e-12,,,,,,,,,,,,,,,,,,,,,,,,,,,,,,,37.393,2.054,MINOR,Oracle: OpenSees 3D elasticBeamColumn. L1 uses deterministic gravity-like equivalent nodal loads. oracle=OpenSees equivalent elastic model
A6,A_building,default,mixed,L2,6660.47437027,6660.47437027,1.54532244778e-08,2.32013871967e-12,1.62536702844e-12,0,0,0,457117256.528,457117256.528,4.1471974692e-12,,,,,,,,,,,,,,,,,,,,,,,,,,,,,,,11.426,1.752,MINOR,Oracle: OpenSees 3D elasticBeamColumn. L2 uses member UDL on horizontal members. oracle=OpenSees equivalent elastic model
A6,A_building,default,mixed,L3,422.282383678,422.282383678,4.99028374179e-10,1.18174092377e-12,1.05638538951e-12,0,0,0,139548974.753,139548974.753,2.28874120784e-12,,,,,,,,,,,,,,,,,,,,,,,,,,,,,,,39.067,1.868,MINOR,Oracle: OpenSees 3D elasticBeamColumn. L3 point load at node 40. oracle=OpenSees equivalent elastic model
A6,A_building,default,mixed,L4,223.807145359,223.807145359,7.83359155321e-10,3.50015257138e-12,2.39722734525e-12,20555.2722088,20555.2722088,1.41358073185e-12,74172116.0392,74172116.0392,1.52145791945e-12,,,,,,,,,,,,,,,,,,,,,,,,,,,,,,,33.113,1.579,MINOR,Oracle: OpenSees 3D elasticBeamColumn. L4 asymmetric load at node 4. oracle=OpenSees equivalent elastic model
A7,A_building,default,180,L1,11.3343834627,11.3343834627,2.24551245653e-10,1.98115095004e-11,1.97808001637e-11,69888,69888.0000004,4.15925169761e-11,67957601.5548,67957601.5558,6.36214988586e-11,,,,,,,,,,,,,,,,,,,,,,,,,,,,,,,11.205,1.650,MINOR,Oracle: OpenSees ShellMITC4 plus columns. L1 uses deterministic gravity-like equivalent nodal loads. oracle=OpenSees equivalent elastic model
A7,A_building,default,180,L2,26.2358135711,26.2358135711,9.41764000117e-10,3.58961233493e-11,2.96063833911e-11,160000,160000.000011,6.87710780719e-11,157309262.859,157309262.863,4.72267004204e-11,,,,,,,,,,,,,,,,,,,,,,,,,,,,,,,10.572,1.560,MINOR,Oracle: OpenSees ShellMITC4 plus columns. L2 uses shell pressure represented as matching nodal loads. oracle=OpenSees equivalent elastic model
A7,A_building,default,180,L3,0.0333110247318,0.0333110247318,1.31231830958e-13,3.93959153206e-12,2.92047935114e-12,49966.5370978,49966.5370978,8.54623868652e-13,62617.6470607,62617.6470614,2.15167923326e-11,,,,,,,,,,,,,,,,,,,,,,,,,,,,,,,41.359,1.642,MINOR,Oracle: OpenSees ShellMITC4 plus columns. L3 point load at node 24. oracle=OpenSees equivalent elastic model
A7,A_building,default,180,L4,0.930322431682,0.930322431684,6.22879525736e-12,6.69530804076e-12,6.63969679117e-12,26524.4512884,26524.4512884,8.10452836041e-13,22745839.8086,22745839.8087,5.22831617553e-12,,,,,,,,,,,,,,,,,,,,,,,,,,,,,,,12.054,1.698,MINOR,Oracle: OpenSees ShellMITC4 plus columns. L4 asymmetric load at node 4. oracle=OpenSees equivalent elastic model
A8,A_building,default,180,L1,6.3474664842,6.34746648419,1.74150607997e-10,2.74362390775e-11,2.73978223677e-11,79728,79728.0000004,2.7954162899e-11,80386538.3258,80386538.327,3.8480073437e-11,,,,,,,,,,,,,,,,,,,,,,,,,,,,,,,38.989,1.968,MINOR,Oracle: OpenSees ShellMITC4 plus columns. L1 uses deterministic gravity-like equivalent nodal loads. oracle=OpenSees equivalent elastic model
A8,A_building,default,180,L2,0.238339646217,0.238339646217,6.91675129715e-12,2.90205654281e-11,2.90157146237e-11,6400,6400.00000003,2.66486210875e-11,4642655.41677,4642655.41681,2.44026430403e-11,,,,,,,,,,,,,,,,,,,,,,,,,,,,,,,30.947,1.631,MINOR,Oracle: OpenSees ShellMITC4 plus columns. L2 uses member UDL on horizontal members. oracle=OpenSees equivalent elastic model
A8,A_building,default,180,L3,0.0332921718135,0.0332921718135,7.0759804266e-14,2.12541869189e-12,2.11249639218e-12,49938.2577203,49938.2577203,9.27665966822e-13,120296.928658,120296.928658,1.26477274992e-11,,,,,,,,,,,,,,,,,,,,,,,,,,,,,,,10.445,1.682,MINOR,Oracle: OpenSees ShellMITC4 plus columns. L3 point load at node 24. oracle=OpenSees equivalent elastic model
A8,A_building,default,180,L4,0.689509550578,0.689509550576,2.37876385256e-12,3.44993604594e-12,3.43568610008e-12,27406.3104486,27406.3104486,1.36510186908e-12,19287087.8395,19287087.8395,2.90593338956e-12,,,,,,,,,,,,,,,,,,,,,,,,,,,,,,,27.918,1.609,MINOR,Oracle: OpenSees ShellMITC4 plus columns. L4 asymmetric load at node 4. oracle=OpenSees equivalent elastic model
B1,B_bridge,default,member,L1,0,0,0,0,0,0,0,0,0,0,0,,,,,,,,,,,,,,,,,,,,,,,,,,,,,,,34.499,0.236,MINOR,Oracle: OpenSees continuous elastic beam. L1 uses deterministic gravity-like equivalent nodal loads. oracle=OpenSees equivalent elastic bridge/arch model
B1,B_bridge,default,member,L2,6.96757898404e-05,6.96757898404e-05,1.1113072268e-18,1.59496896891e-14,1.59496896891e-14,0,0,0,0,0,0,,,,,,,,,,,,,,,,,,,,,,,,,,,,,,,30.712,0.158,MINOR,Oracle: OpenSees continuous elastic beam. L2 uses member UDL on horizontal members. oracle=OpenSees equivalent elastic bridge/arch model
B1,B_bridge,default,member,L3,0,0,0,0,0,0,0,0,0,0,0,,,,,,,,,,,,,,,,,,,,,,,,,,,,,,,35.020,0.160,MINOR,Oracle: OpenSees continuous elastic beam. L3 point load at node 1. oracle=OpenSees equivalent elastic bridge/arch model
B1,B_bridge,default,member,L4,0.00881834215168,0.00881834215168,4.51548520797e-15,5.12056022583e-13,5.12056022583e-13,25000,25000,0,0,0,0,,,,,,,,,,,,,,,,,,,,,,,,,,,,,,,48.038,0.155,MINOR,Oracle: OpenSees continuous elastic beam. L4 asymmetric load at node 1. oracle=OpenSees equivalent elastic bridge/arch model
B2,B_bridge,default,member,L1,0,0,0,0,0,0,0,0,0,0,0,,,,,,,,,,,,,,,,,,,,,,,,,,,,,,,8.524,0.182,MINOR,Oracle: OpenSees continuous elastic beam. L1 uses deterministic gravity-like equivalent nodal loads. oracle=OpenSees equivalent elastic bridge/arch model
B2,B_bridge,default,member,L2,4.18054739042e-05,4.18054739042e-05,3.93429863341e-17,9.41096527794e-13,9.41096527794e-13,0,0,0,32000000,32000000,1.16415321827e-16,,,,,,,,,,,,,,,,,,,,,,,,,,,,,,,10.624,0.240,MINOR,Oracle: OpenSees continuous elastic beam. L2 uses member UDL on horizontal members. oracle=OpenSees equivalent elastic bridge/arch model
B2,B_bridge,default,member,L3,0,0,0,0,0,0,0,0,0,0,0,,,,,,,,,,,,,,,,,,,,,,,,,,,,,,,8.676,0.191,MINOR,Oracle: OpenSees continuous elastic beam. L3 point load at node 3. oracle=OpenSees equivalent elastic bridge/arch model
B2,B_bridge,default,member,L4,0.026455026455,0.026455026455,4.9030224325e-14,1.85334247949e-12,1.85334247949e-12,25000,25000,0,0,0,0,,,,,,,,,,,,,,,,,,,,,,,,,,,,,,,8.521,0.250,MINOR,Oracle: OpenSees continuous elastic beam. L4 asymmetric load at node 3. oracle=OpenSees equivalent elastic bridge/arch model
B3,B_bridge,default,member,L1,0.223611733232,0.223611733232,4.72399896978e-13,2.11258993502e-12,1.97903254547e-12,6612.46014794,6612.46014794,6.97478325692e-13,21921.7722376,21921.7722376,1.80714267945e-12,,,,,,,,,,,,,,,,,,,,,,,,,,,,,,,8.930,0.639,MINOR,Oracle: OpenSees beam-column truss surrogate. L1 uses deterministic gravity-like equivalent nodal loads. oracle=OpenSees equivalent elastic bridge/arch model
B3,B_bridge,default,member,L2,2.71173052358,2.71173052358,4.53037607429e-12,1.67065865686e-12,1.65354511183e-12,80295.8479053,80295.8479053,6.25964063024e-13,1982721.87737,1982721.87737,2.43067953604e-12,,,,,,,,,,,,,,,,,,,,,,,,,,,,,,,9.762,0.884,MINOR,Oracle: OpenSees beam-column truss surrogate. L2 uses member UDL on horizontal members. oracle=OpenSees equivalent elastic bridge/arch model
B3,B_bridge,default,member,L3,0.119013898061,0.119013898061,9.59787804788e-14,8.06450188109e-13,8.05050910744e-13,49985.8371856,49985.8371856,4.04948986e-13,39412.6553234,39412.6553234,1.11010414712e-12,,,,,,,,,,,,,,,,,,,,,,,,,,,,,,,9.706,0.622,MINOR,Oracle: OpenSees beam-column truss surrogate. L3 point load at node 109. oracle=OpenSees equivalent elastic bridge/arch model
B3,B_bridge,default,member,L4,0.25764183254,0.25764183254,4.64878135986e-13,1.80435813316e-12,1.79024559418e-12,27782.9067794,27782.9067794,1.48476334824e-12,59537.1038074,59537.1038074,6.82902737083e-13,,,,,,,,,,,,,,,,,,,,,,,,,,,,,,,9.512,0.620,MINOR,Oracle: OpenSees beam-column truss surrogate. L4 asymmetric load at node 109. oracle=OpenSees equivalent elastic bridge/arch model
B4,B_bridge,default,member,L1,0.0216087796025,0.0216087796025,4.24799084797e-14,1.96586337873e-12,1.96586337873e-12,2663.14296522,2663.14296522,1.90836784201e-12,83932.1777853,83932.1777853,7.96060825944e-13,,,,,,,,,,,,,,,,,,,,,,,,,,,,,,,9.107,0.414,MINOR,Oracle: OpenSees faceted arch with same segments. L1 uses deterministic gravity-like equivalent nodal loads. oracle=OpenSees equivalent elastic bridge/arch model
B4,B_bridge,default,member,L2,25.6020771443,25.6020771443,3.93498567064e-11,1.5369790695e-12,1.5369790695e-12,73876.787428,73876.787428,1.10286567947e-12,70114683.5023,70114683.5023,8.18063946955e-13,,,,,,,,,,,,,,,,,,,,,,,,,,,,,,,9.068,0.491,MINOR,Oracle: OpenSees faceted arch with same segments. L3 point load at node 6. oracle=OpenSees equivalent elastic bridge/arch model
B4,B_bridge,default,member,L3,25.6020771443,25.6020771443,3.93498567064e-11,1.5369790695e-12,1.5369790695e-12,73876.787428,73876.787428,1.10286567947e-12,70114683.5023,70114683.5023,8.18063946955e-13,,,,,,,,,,,,,,,,,,,,,,,,,,,,,,,8.926,0.378,MINOR,Oracle: OpenSees faceted arch with same segments. L3 point load at node 6. oracle=OpenSees equivalent elastic bridge/arch model
B4,B_bridge,default,member,L4,12.5166494278,12.5166494278,4.83115769612e-11,3.85978509983e-12,3.85978509983e-12,35386.2685544,35386.2685544,1.29455382018e-12,33797189.9947,33797189.9947,3.2673402046e-13,,,,,,,,,,,,,,,,,,,,,,,,,,,,,,,9.042,0.398,MINOR,Oracle: OpenSees faceted arch with same segments. L4 asymmetric load at node 11. oracle=OpenSees equivalent elastic bridge/arch model
C1,C_shell,8x8,150,L1,0.433566748331,0.43356561129,6.9854902188e-06,1.61116834852e-05,1.49108241759e-05,,,,,,,,,,,,,,,,,,,,,,,,,,,,,,,,,,,,,12.760,5.124,KNOWN,Oracle: OpenSees ShellMITC4 on identical faceted quarter dome; smooth shell is known gap. L1 uses deterministic gravity-like equivalent nodal loads. oracle=OpenSees ShellMITC4 faceted equivalent plus documented smooth-shell gap known_gap=smooth spherical shell oracle not directly represented by CLI flat facets
C1,C_shell,8x8,150,L2,1.2043520787,1.20434892025,1.94041458359e-05,1.61116887487e-05,1.49108259987e-05,,,,,,,,,,,,,,,,,,,,,,,,,,,,,,,,,,,,,13.514,5.040,KNOWN,Oracle: OpenSees ShellMITC4 on identical faceted quarter dome; smooth shell is known gap. L2 uses shell pressure represented as matching nodal loads. oracle=OpenSees ShellMITC4 faceted equivalent plus documented smooth-shell gap known_gap=smooth spherical shell oracle not directly represented by CLI flat facets
C1,C_shell,8x8,150,L3,0.000707636930164,0.000707648209454,3.33264608089e-08,4.7094672697e-05,3.08403078922e-05,,,,,,,,,,,,,,,,,,,,,,,,,,,,,,,,,,,,,13.419,5.125,KNOWN,Oracle: OpenSees ShellMITC4 on identical faceted quarter dome; smooth shell is known gap. L3 point load at node 13. oracle=OpenSees ShellMITC4 faceted equivalent plus documented smooth-shell gap known_gap=smooth spherical shell oracle not directly represented by CLI flat facets
C1,C_shell,8x8,150,L4,0.00673262055893,0.00673323774684,1.07415754904e-06,0.000159530613567,0.000120960192744,,,,,,,,,,,,,,,,,,,,,,,,,,,,,,,,,,,,,13.198,5.275,KNOWN,Oracle: OpenSees ShellMITC4 on identical faceted quarter dome; smooth shell is known gap. L4 asymmetric load at node 64. oracle=OpenSees ShellMITC4 faceted equivalent plus documented smooth-shell gap known_gap=smooth spherical shell oracle not directly represented by CLI flat facets
C1,C_shell,16x16,150,L1,0.404641916341,0.404641710103,2.16209846855e-06,5.34323900031e-06,1.80692480274e-06,,,,,,,,,,,,,,,,,,,,,,,,,,,,,,,,,,,,,27.012,29.654,KNOWN,Oracle: OpenSees ShellMITC4 on identical faceted quarter dome; smooth shell is known gap. L1 uses deterministic gravity-like equivalent nodal loads. oracle=OpenSees ShellMITC4 faceted equivalent plus documented smooth-shell gap known_gap=smooth spherical shell oracle not directly represented by CLI flat facets
C1,C_shell,16x16,150,L2,1.12400532317,1.12400475028,6.00582888093e-06,5.34323882381e-06,1.80692557048e-06,,,,,,,,,,,,,,,,,,,,,,,,,,,,,,,,,,,,,29.420,30.135,KNOWN,Oracle: OpenSees ShellMITC4 on identical faceted quarter dome; smooth shell is known gap. L2 uses shell pressure represented as matching nodal loads. oracle=OpenSees ShellMITC4 faceted equivalent plus documented smooth-shell gap known_gap=smooth spherical shell oracle not directly represented by CLI flat facets
C1,C_shell,16x16,150,L3,0.000630325289331,0.000630338249519,1.2960188016e-08,2.0560687894e-05,4.16920797445e-06,,,,,,,,,,,,,,,,,,,,,,,,,,,,,,,,,,,,,24.694,29.265,KNOWN,Oracle: OpenSees ShellMITC4 on identical faceted quarter dome; smooth shell is known gap. L3 point load at node 25. oracle=OpenSees ShellMITC4 faceted equivalent plus documented smooth-shell gap known_gap=smooth spherical shell oracle not directly represented by CLI flat facets
C1,C_shell,16x16,150,L4,0.00402123881133,0.00402105091282,2.50139606188e-07,6.22046135342e-05,1.55932015979e-05,,,,,,,,,,,,,,,,,,,,,,,,,,,,,,,,,,,,,24.192,29.306,KNOWN,Oracle: OpenSees ShellMITC4 on identical faceted quarter dome; smooth shell is known gap. L4 asymmetric load at node 256. oracle=OpenSees ShellMITC4 faceted equivalent plus documented smooth-shell gap known_gap=smooth spherical shell oracle not directly represented by CLI flat facets
C1,C_shell,24x24,150,L1,0.405681968146,0.405681851177,1.29376152737e-06,3.18910286618e-06,8.06893429406e-07,,,,,,,,,,,,,,,,,,,,,,,,,,,,,,,,,,,,,53.110,99.624,KNOWN,Oracle: OpenSees ShellMITC4 on identical faceted quarter dome; smooth shell is known gap. L1 uses deterministic gravity-like equivalent nodal loads. oracle=OpenSees ShellMITC4 faceted equivalent plus documented smooth-shell gap known_gap=smooth spherical shell oracle not directly represented by CLI flat facets
C1,C_shell,24x24,150,L2,1.12689435596,1.12689403105,3.5937820427e-06,3.18910288591e-06,8.06894090601e-07,,,,,,,,,,,,,,,,,,,,,,,,,,,,,,,,,,,,,53.404,99.994,KNOWN,Oracle: OpenSees ShellMITC4 on identical faceted quarter dome; smooth shell is known gap. L2 uses shell pressure represented as matching nodal loads. oracle=OpenSees ShellMITC4 faceted equivalent plus documented smooth-shell gap known_gap=smooth spherical shell oracle not directly represented by CLI flat facets
C1,C_shell,24x24,150,L3,0.000484930655398,0.000484937671486,7.01608806139e-09,1.44680202713e-05,1.04254265305e-06,,,,,,,,,,,,,,,,,,,,,,,,,,,,,,,,,,,,,52.237,99.090,KNOWN,Oracle: OpenSees ShellMITC4 on identical faceted quarter dome; smooth shell is known gap. L3 point load at node 37. oracle=OpenSees ShellMITC4 faceted equivalent plus documented smooth-shell gap known_gap=smooth spherical shell oracle not directly represented by CLI flat facets
C1,C_shell,24x24,150,L4,0.00442735324412,0.00442728246814,1.78597164404e-07,4.0339488303e-05,2.29201911536e-06,,,,,,,,,,,,,,,,,,,,,,,,,,,,,,,,,,,,,52.142,99.744,KNOWN,Oracle: OpenSees ShellMITC4 on identical faceted quarter dome; smooth shell is known gap. L4 asymmetric load at node 576. oracle=OpenSees ShellMITC4 faceted equivalent plus documented smooth-shell gap known_gap=smooth spherical shell oracle not directly represented by CLI flat facets
C2,C_shell,8x8,120,L1,7.94683073038,7.94683073329,1.02444984607e-07,1.28913007015e-08,4.14449396707e-09,,,,,,,,,,,,,,,,,,,,,,,,,,,,,,,,,,,,,12.261,6.410,KNOWN,Oracle: OpenSees ShellMITC4 on identical faceted hypar mesh. L1 uses deterministic gravity-like equivalent nodal loads. oracle=OpenSees ShellMITC4 faceted equivalent plus documented smooth-shell gap known_gap=warped quads are projected to flat MITC4 facets
C2,C_shell,8x8,120,L2,27.5931622583,27.5931622684,3.55760834569e-07,1.28930794923e-08,4.14184166475e-09,,,,,,,,,,,,,,,,,,,,,,,,,,,,,,,,,,,,,12.000,4.658,KNOWN,Oracle: OpenSees ShellMITC4 on identical faceted hypar mesh. L2 uses shell pressure represented as matching nodal loads. oracle=OpenSees ShellMITC4 faceted equivalent plus documented smooth-shell gap known_gap=warped quads are projected to flat MITC4 facets
C2,C_shell,8x8,120,L3,0.00100063405148,0.00100063395423,3.23814977978e-10,3.2360979271e-07,2.72113273142e-07,,,,,,,,,,,,,,,,,,,,,,,,,,,,,,,,,,,,,12.282,5.178,KNOWN,Oracle: OpenSees ShellMITC4 on identical faceted hypar mesh. L3 point load at node 70. oracle=OpenSees ShellMITC4 faceted equivalent plus documented smooth-shell gap known_gap=warped quads are projected to flat MITC4 facets
C2,C_shell,8x8,120,L4,0.241012623984,0.241012601226,7.50800672189e-08,3.11519230727e-07,2.65329083644e-07,,,,,,,,,,,,,,,,,,,,,,,,,,,,,,,,,,,,,12.008,5.178,KNOWN,Oracle: OpenSees ShellMITC4 on identical faceted hypar mesh. L4 asymmetric load at node 16. oracle=OpenSees ShellMITC4 faceted equivalent plus documented smooth-shell gap known_gap=warped quads are projected to flat MITC4 facets
C2,C_shell,16x16,120,L1,7.99096786949,7.99096786548,3.44416331496e-08,4.31007028337e-09,3.13363661405e-09,,,,,,,,,,,,,,,,,,,,,,,,,,,,,,,,,,,,,24.945,29.004,KNOWN,Oracle: OpenSees ShellMITC4 on identical faceted hypar mesh. L1 uses deterministic gravity-like equivalent nodal loads. oracle=OpenSees ShellMITC4 faceted equivalent plus documented smooth-shell gap known_gap=warped quads are projected to flat MITC4 facets
C2,C_shell,16x16,120,L2,27.7464162135,27.7464161995,1.19586918146e-07,4.30999510804e-09,3.13354576912e-09,,,,,,,,,,,,,,,,,,,,,,,,,,,,,,,,,,,,,24.464,29.929,KNOWN,Oracle: OpenSees ShellMITC4 on identical faceted hypar mesh. L2 uses shell pressure represented as matching nodal loads. oracle=OpenSees ShellMITC4 faceted equivalent plus documented smooth-shell gap known_gap=warped quads are projected to flat MITC4 facets
C2,C_shell,16x16,120,L3,0.000288734772417,0.000288734633823,1.73243939268e-10,6.00010652745e-07,1.66363506556e-07,,,,,,,,,,,,,,,,,,,,,,,,,,,,,,,,,,,,,23.127,28.416,KNOWN,Oracle: OpenSees ShellMITC4 on identical faceted hypar mesh. L3 point load at node 270. oracle=OpenSees ShellMITC4 faceted equivalent plus documented smooth-shell gap known_gap=warped quads are projected to flat MITC4 facets
C2,C_shell,16x16,120,L4,0.0684549004059,0.068454868037,4.04055488373e-08,5.902506409e-07,1.63405277049e-07,,,,,,,,,,,,,,,,,,,,,,,,,,,,,,,,,,,,,24.082,28.061,KNOWN,Oracle: OpenSees ShellMITC4 on identical faceted hypar mesh. L4 asymmetric load at node 32. oracle=OpenSees ShellMITC4 faceted equivalent plus documented smooth-shell gap known_gap=warped quads are projected to flat MITC4 facets
C2,C_shell,24x24,120,L1,8.00203969882,8.00203969697,1.56905986815e-08,1.96082489865e-09,1.24373803031e-09,,,,,,,,,,,,,,,,,,,,,,,,,,,,,,,,,,,,,49.498,94.699,KNOWN,Oracle: OpenSees ShellMITC4 on identical faceted hypar mesh. L1 uses deterministic gravity-like equivalent nodal loads. oracle=OpenSees ShellMITC4 faceted equivalent plus documented smooth-shell gap known_gap=warped quads are projected to flat MITC4 facets
C2,C_shell,24x24,120,L2,27.7848600653,27.7848600588,5.44809231062e-08,1.96081329826e-09,1.24383823481e-09,,,,,,,,,,,,,,,,,,,,,,,,,,,,,,,,,,,,,50.221,96.679,KNOWN,Oracle: OpenSees ShellMITC4 on identical faceted hypar mesh. L2 uses shell pressure represented as matching nodal loads. oracle=OpenSees ShellMITC4 faceted equivalent plus documented smooth-shell gap known_gap=warped quads are projected to flat MITC4 facets
C2,C_shell,24x24,120,L3,0.000133918980012,0.000133918881038,1.17139259948e-10,8.74702450226e-07,1.25445701891e-07,,,,,,,,,,,,,,,,,,,,,,,,,,,,,,,,,,,,,47.774,97.332,KNOWN,Oracle: OpenSees ShellMITC4 on identical faceted hypar mesh. L3 point load at node 598. oracle=OpenSees ShellMITC4 faceted equivalent plus documented smooth-shell gap known_gap=warped quads are projected to flat MITC4 facets
C2,C_shell,24x24,120,L4,0.0315794581448,0.0315794350864,2.72523222565e-08,8.62976246506e-07,1.2375072306e-07,,,,,,,,,,,,,,,,,,,,,,,,,,,,,,,,,,,,,52.968,98.884,KNOWN,Oracle: OpenSees ShellMITC4 on identical faceted hypar mesh. L4 asymmetric load at node 48. oracle=OpenSees ShellMITC4 faceted equivalent plus documented smooth-shell gap known_gap=warped quads are projected to flat MITC4 facets
C3,C_shell,8x8,3,L1,3.59807580774e-07,3.59807580774e-07,5.62959272569e-19,1.56461203891e-12,1.2750543473e-12,,,,,,,,,,,,,,,,,,,,,,,,,,,,,,,,,,,,,12.743,6.904,KNOWN,Reference: classical pinched cylinder benchmark; deep audit target w=1.8248e-5 at fine mesh. L1 uses deterministic gravity-like equivalent nodal loads. oracle=OpenSees ShellMITC4 faceted equivalent plus documented smooth-shell gap known_gap=coarse faceted cylinder converges to the shell benchmark but is not a curved element analytic_rel=0.988919
C3,C_shell,8x8,3,L2,4.99732751075e-05,4.99732751075e-05,6.37646402693e-17,1.27597481118e-12,1.0382041596e-12,,,,,,,,,,,,,,,,,,,,,,,,,,,,,,,,,,,,,14.028,5.438,KNOWN,Reference: classical pinched cylinder benchmark; deep audit target w=1.8248e-5 at fine mesh. L2 uses shell pressure represented as matching nodal loads. oracle=OpenSees ShellMITC4 faceted equivalent plus documented smooth-shell gap known_gap=coarse faceted cylinder converges to the shell benchmark but is not a curved element analytic_rel=0.538978
C3,C_shell,8x8,3,L3,0,0,0,0,0,,,,,,,,,,,,,,,,,,,,,,,,,,,,,,,,,,,,,12.311,5.941,KNOWN,Reference: classical pinched cylinder benchmark; deep audit target w=1.8248e-5 at fine mesh. L3 point load at node 4076. oracle=OpenSees ShellMITC4 faceted equivalent plus documented smooth-shell gap known_gap=coarse faceted cylinder converges to the shell benchmark but is not a curved element analytic_rel=1
C3,C_shell,8x8,3,L4,1.32902730481,1.32902730481,3.49165141245e-12,2.62722323297e-12,4.15092917158e-13,,,,,,,,,,,,,,,,,,,,,,,,,,,,,,,,,,,,,13.175,5.449,KNOWN,Reference: classical pinched cylinder benchmark; deep audit target w=1.8248e-5 at fine mesh. L4 asymmetric load at node 4072. oracle=OpenSees ShellMITC4 faceted equivalent plus documented smooth-shell gap known_gap=coarse faceted cylinder converges to the shell benchmark but is not a curved element analytic_rel=72832.4
C3,C_shell,16x16,3,L1,3.59951821513e-07,3.59951821513e-07,7.18336878831e-19,1.99564729471e-12,1.30425235533e-12,,,,,,,,,,,,,,,,,,,,,,,,,,,,,,,,,,,,,30.103,33.854,KNOWN,Reference: classical pinched cylinder benchmark; deep audit target w=1.8248e-5 at fine mesh. L1 uses deterministic gravity-like equivalent nodal loads. oracle=OpenSees ShellMITC4 faceted equivalent plus documented smooth-shell gap known_gap=coarse faceted cylinder converges to the shell benchmark but is not a curved element analytic_rel=0.988704
C3,C_shell,16x16,3,L2,4.99933085435e-05,4.99933085435e-05,1.01176391484e-16,2.02379867289e-12,1.16757094423e-12,,,,,,,,,,,,,,,,,,,,,,,,,,,,,,,,,,,,,27.618,32.958,KNOWN,Reference: classical pinched cylinder benchmark; deep audit target w=1.8248e-5 at fine mesh. L2 uses shell pressure represented as matching nodal loads. oracle=OpenSees ShellMITC4 faceted equivalent plus documented smooth-shell gap known_gap=coarse faceted cylinder converges to the shell benchmark but is not a curved element analytic_rel=0.568865
C3,C_shell,16x16,3,L3,0,0,0,0,0,,,,,,,,,,,,,,,,,,,,,,,,,,,,,,,,,,,,,43.990,31.171,KNOWN,Reference: classical pinched cylinder benchmark; deep audit target w=1.8248e-5 at fine mesh. L3 point load at node 4280. oracle=OpenSees ShellMITC4 faceted equivalent plus documented smooth-shell gap known_gap=coarse faceted cylinder converges to the shell benchmark but is not a curved element analytic_rel=1
C3,C_shell,16x16,3,L4,1.68815739666,1.68815739666,3.52540219239e-12,2.08831368412e-12,7.35552824842e-13,,,,,,,,,,,,,,,,,,,,,,,,,,,,,,,,,,,,,25.789,32.382,KNOWN,Reference: classical pinched cylinder benchmark; deep audit target w=1.8248e-5 at fine mesh. L4 asymmetric load at node 4272. oracle=OpenSees ShellMITC4 faceted equivalent plus documented smooth-shell gap known_gap=coarse faceted cylinder converges to the shell benchmark but is not a curved element analytic_rel=92512.9
C3,C_shell,24x24,3,L1,3.59978581113e-07,3.59978581113e-07,9.96957778918e-19,2.76949193987e-12,1.47802072901e-12,,,,,,,,,,,,,,,,,,,,,,,,,,,,,,,,,,,,,54.183,106.100,KNOWN,Reference: classical pinched cylinder benchmark; deep audit target w=1.8248e-5 at fine mesh. L1 uses deterministic gravity-like equivalent nodal loads. oracle=OpenSees ShellMITC4 faceted equivalent plus documented smooth-shell gap known_gap=coarse faceted cylinder converges to the shell benchmark but is not a curved element analytic_rel=0.988659
C3,C_shell,24x24,3,L2,4.99970251546e-05,4.99970251546e-05,1.30832709033e-16,2.61680987275e-12,1.42872465485e-12,,,,,,,,,,,,,,,,,,,,,,,,,,,,,,,,,,,,,56.553,109.615,KNOWN,Reference: classical pinched cylinder benchmark; deep audit target w=1.8248e-5 at fine mesh. L2 uses shell pressure represented as matching nodal loads. oracle=OpenSees ShellMITC4 faceted equivalent plus documented smooth-shell gap known_gap=coarse faceted cylinder converges to the shell benchmark but is not a curved element analytic_rel=0.575072
C3,C_shell,24x24,3,L3,0,0,0,0,0,,,,,,,,,,,,,,,,,,,,,,,,,,,,,,,,,,,,,51.408,97.842,KNOWN,Reference: classical pinched cylinder benchmark; deep audit target w=1.8248e-5 at fine mesh. L3 point load at node 4612. oracle=OpenSees ShellMITC4 faceted equivalent plus documented smooth-shell gap known_gap=coarse faceted cylinder converges to the shell benchmark but is not a curved element analytic_rel=1
C3,C_shell,24x24,3,L4,1.77107737614,1.77107737614,4.10116385297e-12,2.31563222941e-12,3.19856888212e-13,,,,,,,,,,,,,,,,,,,,,,,,,,,,,,,,,,,,,52.223,103.075,KNOWN,Reference: classical pinched cylinder benchmark; deep audit target w=1.8248e-5 at fine mesh. L4 asymmetric load at node 4600. oracle=OpenSees ShellMITC4 faceted equivalent plus documented smooth-shell gap known_gap=coarse faceted cylinder converges to the shell benchmark but is not a curved element analytic_rel=97057
C4,C_shell,8x8,0.25,L1,1.9433371663e-08,1.94333716631e-08,1.26512311606e-19,6.51005465235e-12,4.71994285679e-12,,,,,,,,,,,,,,,,,,,,,,,,,,,,,,,,,,,,,13.400,6.879,KNOWN,"Reference: Scordelis-Lo roof free-edge vertical displacement, deep audit target 0.3024. L1 uses deterministic gravity-like equivalent nodal loads. oracle=OpenSees ShellMITC4 faceted equivalent plus documented smooth-shell gap known_gap=faceted roof should converge to Scordelis-Lo smooth-shell reference analytic_rel=1"
C4,C_shell,8x8,0.25,L2,3.23889527717e-05,3.23889527719e-05,1.77592315853e-16,5.48311385996e-12,4.60796637537e-12,,,,,,,,,,,,,,,,,,,,,,,,,,,,,,,,,,,,,12.949,5.559,KNOWN,"Reference: Scordelis-Lo roof free-edge vertical displacement, deep audit target 0.3024. L2 uses shell pressure represented as matching nodal loads. oracle=OpenSees ShellMITC4 faceted equivalent plus documented smooth-shell gap known_gap=faceted roof should converge to Scordelis-Lo smooth-shell reference analytic_rel=0.999893"
C4,C_shell,8x8,0.25,L3,0.000915894690318,0.000915894690322,4.41151021963e-15,4.81661294278e-12,3.70967623684e-12,,,,,,,,,,,,,,,,,,,,,,,,,,,,,,,,,,,,,11.627,5.059,KNOWN,"Reference: Scordelis-Lo roof free-edge vertical displacement, deep audit target 0.3024. L3 point load at node 3072. oracle=OpenSees ShellMITC4 faceted equivalent plus documented smooth-shell gap known_gap=faceted roof should converge to Scordelis-Lo smooth-shell reference analytic_rel=1.00303"
C4,C_shell,8x8,0.25,L4,0.0122206319696,0.0122206319697,8.44185832349e-14,6.90787378626e-12,3.32149717912e-12,,,,,,,,,,,,,,,,,,,,,,,,,,,,,,,,,,,,,14.843,5.129,KNOWN,"Reference: Scordelis-Lo roof free-edge vertical displacement, deep audit target 0.3024. L4 asymmetric load at node 3008. oracle=OpenSees ShellMITC4 faceted equivalent plus documented smooth-shell gap known_gap=faceted roof should converge to Scordelis-Lo smooth-shell reference analytic_rel=0.959588"
C4,C_shell,16x16,0.25,L1,1.98891739321e-08,1.9889173932e-08,6.21642773946e-20,3.12553339856e-12,1.58339508663e-12,,,,,,,,,,,,,,,,,,,,,,,,,,,,,,,,,,,,,49.255,29.962,KNOWN,"Reference: Scordelis-Lo roof free-edge vertical displacement, deep audit target 0.3024. L1 uses deterministic gravity-like equivalent nodal loads. oracle=OpenSees ShellMITC4 faceted equivalent plus documented smooth-shell gap known_gap=faceted roof should converge to Scordelis-Lo smooth-shell reference analytic_rel=1"
C4,C_shell,16x16,0.25,L2,3.31486232201e-05,3.31486232201e-05,7.22519104008e-17,2.1796353327e-12,1.71227858903e-12,,,,,,,,,,,,,,,,,,,,,,,,,,,,,,,,,,,,,25.741,30.422,KNOWN,"Reference: Scordelis-Lo roof free-edge vertical displacement, deep audit target 0.3024. L2 uses shell pressure represented as matching nodal loads. oracle=OpenSees ShellMITC4 faceted equivalent plus documented smooth-shell gap known_gap=faceted roof should converge to Scordelis-Lo smooth-shell reference analytic_rel=0.99989"
C4,C_shell,16x16,0.25,L3,0.000938134568585,0.000938134568582,3.08900040963e-15,3.29270502662e-12,2.46857531742e-12,,,,,,,,,,,,,,,,,,,,,,,,,,,,,,,,,,,,,40.497,31.607,KNOWN,"Reference: Scordelis-Lo roof free-edge vertical displacement, deep audit target 0.3024. L3 point load at node 3272. oracle=OpenSees ShellMITC4 faceted equivalent plus documented smooth-shell gap known_gap=faceted roof should converge to Scordelis-Lo smooth-shell reference analytic_rel=1.0031"
C4,C_shell,16x16,0.25,L4,0.013049198312,0.013049198312,4.62269111878e-14,3.54250966861e-12,2.06026023882e-12,,,,,,,,,,,,,,,,,,,,,,,,,,,,,,,,,,,,,25.636,30.459,KNOWN,"Reference: Scordelis-Lo roof free-edge vertical displacement, deep audit target 0.3024. L4 asymmetric load at node 3016. oracle=OpenSees ShellMITC4 faceted equivalent plus documented smooth-shell gap known_gap=faceted roof should converge to Scordelis-Lo smooth-shell reference analytic_rel=0.956848"
C4,C_shell,24x24,0.25,L1,1.99925896943e-08,1.99925896939e-08,4.72114988976e-19,2.36144989816e-11,1.77072332925e-11,,,,,,,,,,,,,,,,,,,,,,,,,,,,,,,,,,,,,58.175,108.625,KNOWN,"Reference: Scordelis-Lo roof free-edge vertical displacement, deep audit target 0.3024. L1 uses deterministic gravity-like equivalent nodal loads. oracle=OpenSees ShellMITC4 faceted equivalent plus documented smooth-shell gap known_gap=faceted roof should converge to Scordelis-Lo smooth-shell reference analytic_rel=1"
C4,C_shell,24x24,0.25,L2,3.33209828238e-05,3.33209828231e-05,7.57247454845e-16,2.27258439179e-11,1.68005503939e-11,,,,,,,,,,,,,,,,,,,,,,,,,,,,,,,,,,,,,61.732,115.934,KNOWN,"Reference: Scordelis-Lo roof free-edge vertical displacement, deep audit target 0.3024. L2 uses shell pressure represented as matching nodal loads. oracle=OpenSees ShellMITC4 faceted equivalent plus documented smooth-shell gap known_gap=faceted roof should converge to Scordelis-Lo smooth-shell reference analytic_rel=0.99989"
C4,C_shell,24x24,0.25,L3,0.000943109401319,0.000943109401295,2.35263197812e-14,2.49454832581e-11,1.7712176009e-11,,,,,,,,,,,,,,,,,,,,,,,,,,,,,,,,,,,,,57.430,111.154,KNOWN,"Reference: Scordelis-Lo roof free-edge vertical displacement, deep audit target 0.3024. L3 point load at node 3600. oracle=OpenSees ShellMITC4 faceted equivalent plus documented smooth-shell gap known_gap=faceted roof should converge to Scordelis-Lo smooth-shell reference analytic_rel=1.00312"
C4,C_shell,24x24,0.25,L4,0.0132164890182,0.0132164890179,3.52046516938e-13,2.6636916692e-11,1.70094001263e-11,,,,,,,,,,,,,,,,,,,,,,,,,,,,,,,,,,,,,58.183,106.023,KNOWN,"Reference: Scordelis-Lo roof free-edge vertical displacement, deep audit target 0.3024. L4 asymmetric load at node 3024. oracle=OpenSees ShellMITC4 faceted equivalent plus documented smooth-shell gap known_gap=faceted roof should converge to Scordelis-Lo smooth-shell reference analytic_rel=0.956295"
C5,C_shell,8x8,120,L1,11.0561889909,11.0561888181,2.67828069056e-07,2.42242665422e-08,1.60776484671e-08,,,,,,,,,,,,,,,,,,,,,,,,,,,,,,,,,,,,,12.074,6.520,KNOWN,Oracle: OpenSees ShellMITC4 on identical faceted sinusoidal freeform mesh. L1 uses deterministic gravity-like equivalent nodal loads. oracle=OpenSees ShellMITC4 faceted equivalent plus documented smooth-shell gap known_gap=true NURBS freeform shell is unsupported by CLI; this is a faceted surrogate
C5,C_shell,8x8,120,L2,38.3895451072,38.3895445074,9.29859808707e-07,2.42216938521e-08,1.60776448364e-08,,,,,,,,,,,,,,,,,,,,,,,,,,,,,,,,,,,,,11.059,4.843,KNOWN,Oracle: OpenSees ShellMITC4 on identical faceted sinusoidal freeform mesh. L2 uses shell pressure represented as matching nodal loads. oracle=OpenSees ShellMITC4 faceted equivalent plus documented smooth-shell gap known_gap=true NURBS freeform shell is unsupported by CLI; this is a faceted surrogate
C5,C_shell,8x8,120,L3,0.00495546368811,0.00495546342162,2.66487882976e-10,5.37765786914e-08,3.30068952755e-08,,,,,,,,,,,,,,,,,,,,,,,,,,,,,,,,,,,,,11.257,4.843,KNOWN,Oracle: OpenSees ShellMITC4 on identical faceted sinusoidal freeform mesh. L3 point load at node 31. oracle=OpenSees ShellMITC4 faceted equivalent plus documented smooth-shell gap known_gap=true NURBS freeform shell is unsupported by CLI; this is a faceted surrogate
C5,C_shell,8x8,120,L4,0.245655385399,0.245655399875,3.17920047649e-07,1.29417080923e-06,1.15915955785e-07,,,,,,,,,,,,,,,,,,,,,,,,,,,,,,,,,,,,,30.361,4.787,KNOWN,Oracle: OpenSees ShellMITC4 on identical faceted sinusoidal freeform mesh. L4 asymmetric load at node 16. oracle=OpenSees ShellMITC4 faceted equivalent plus documented smooth-shell gap known_gap=true NURBS freeform shell is unsupported by CLI; this is a faceted surrogate
C5,C_shell,16x16,120,L1,11.3070286676,11.3070286247,8.46093848872e-08,7.48290177504e-09,3.79094027401e-09,,,,,,,,,,,,,,,,,,,,,,,,,,,,,,,,,,,,,25.386,28.951,KNOWN,Oracle: OpenSees ShellMITC4 on identical faceted sinusoidal freeform mesh. L1 uses deterministic gravity-like equivalent nodal loads. oracle=OpenSees ShellMITC4 faceted equivalent plus documented smooth-shell gap known_gap=true NURBS freeform shell is unsupported by CLI; this is a faceted surrogate
C5,C_shell,16x16,120,L2,39.2605162069,39.2605160579,2.93774517823e-07,7.48269626092e-09,3.79466494002e-09,,,,,,,,,,,,,,,,,,,,,,,,,,,,,,,,,,,,,26.277,31.298,KNOWN,Oracle: OpenSees ShellMITC4 on identical faceted sinusoidal freeform mesh. L2 uses shell pressure represented as matching nodal loads. oracle=OpenSees ShellMITC4 faceted equivalent plus documented smooth-shell gap known_gap=true NURBS freeform shell is unsupported by CLI; this is a faceted surrogate
C5,C_shell,16x16,120,L3,0.0046234685898,0.00462346854576,4.51267117343e-11,9.76035866964e-09,4.19750743666e-09,,,,,,,,,,,,,,,,,,,,,,,,,,,,,,,,,,,,,25.440,30.334,KNOWN,Oracle: OpenSees ShellMITC4 on identical faceted sinusoidal freeform mesh. L3 point load at node 93. oracle=OpenSees ShellMITC4 faceted equivalent plus documented smooth-shell gap known_gap=true NURBS freeform shell is unsupported by CLI; this is a faceted surrogate
C5,C_shell,16x16,120,L4,0.0905287205283,0.0905288206196,1.85545467116e-07,2.04957344905e-06,1.03977743683e-07,,,,,,,,,,,,,,,,,,,,,,,,,,,,,,,,,,,,,23.486,29.508,KNOWN,Oracle: OpenSees ShellMITC4 on identical faceted sinusoidal freeform mesh. L4 asymmetric load at node 32. oracle=OpenSees ShellMITC4 faceted equivalent plus documented smooth-shell gap known_gap=true NURBS freeform shell is unsupported by CLI; this is a faceted surrogate
C5,C_shell,24x24,120,L1,11.4823830627,11.4823830364,4.92735624524e-08,4.29123137448e-09,1.75325626882e-09,,,,,,,,,,,,,,,,,,,,,,,,,,,,,,,,,,,,,55.575,100.998,KNOWN,Oracle: OpenSees ShellMITC4 on identical faceted sinusoidal freeform mesh. L1 uses deterministic gravity-like equivalent nodal loads. oracle=OpenSees ShellMITC4 faceted equivalent plus documented smooth-shell gap known_gap=true NURBS freeform shell is unsupported by CLI; this is a faceted surrogate
C5,C_shell,24x24,120,L2,39.8693856344,39.8693855428,1.71110056235e-07,4.29176556178e-09,1.75340712006e-09,,,,,,,,,,,,,,,,,,,,,,,,,,,,,,,,,,,,,56.558,100.208,KNOWN,Oracle: OpenSees ShellMITC4 on identical faceted sinusoidal freeform mesh. L2 uses shell pressure represented as matching nodal loads. oracle=OpenSees ShellMITC4 faceted equivalent plus documented smooth-shell gap known_gap=true NURBS freeform shell is unsupported by CLI; this is a faceted surrogate
C5,C_shell,24x24,120,L3,0.0048260888125,0.00482608879885,1.36510299592e-11,2.82859070555e-09,1.335295711e-09,,,,,,,,,,,,,,,,,,,,,,,,,,,,,,,,,,,,,51.546,102.889,KNOWN,Oracle: OpenSees ShellMITC4 on identical faceted sinusoidal freeform mesh. L3 point load at node 212. oracle=OpenSees ShellMITC4 faceted equivalent plus documented smooth-shell gap known_gap=true NURBS freeform shell is unsupported by CLI; this is a faceted surrogate
C5,C_shell,24x24,120,L4,0.0431618124285,0.0431618692206,9.26948433427e-08,2.14760956874e-06,6.02664087971e-08,,,,,,,,,,,,,,,,,,,,,,,,,,,,,,,,,,,,,52.763,98.089,KNOWN,Oracle: OpenSees ShellMITC4 on identical faceted sinusoidal freeform mesh. L4 asymmetric load at node 48. oracle=OpenSees ShellMITC4 faceted equivalent plus documented smooth-shell gap known_gap=true NURBS freeform shell is unsupported by CLI; this is a faceted surrogate
D1,D_special,default,mixed,L1,3.84226195193,3.83700329527,0.00525865665957,0.00136863564363,0.00136863564363,548986.355616,548986.355616,1.37835773901e-13,8115314.20236,8104905.12366,0.00128264641846,,,,,,,,,,,,,,,,,,,,,,,,,,,,,,,8.804,2.112,MINOR,OpenSees PDelta is formulation-adjacent; analytic is primary oracle. L1 uses deterministic gravity-like equivalent nodal loads. oracle=OpenSees equivalent state and analytic where available analytic_rel=0.000172942
D1,D_special,default,mixed,L2,3.99631163997,3.9901097184,0.0062019215746,0.00155191139564,0.00155191139564,598311.355616,598311.355616,1.26083397609e-13,8399535.41181,8387327.95467,0.00145334908914,,,,,,,,,,,,,,,,,,,,,,,,,,,,,,,7.792,0.298,MINOR,OpenSees PDelta is formulation-adjacent; analytic is primary oracle. L3 point load at node 8. Analytic beam-column oracle disabled for modified load pattern. oracle=OpenSees equivalent state and analytic where available
D1,D_special,default,mixed,L3,3.99631163997,3.9901097184,0.0062019215746,0.00155191139564,0.00155191139564,598311.355616,598311.355616,1.26083397609e-13,8399535.41181,8387327.95467,0.00145334908914,,,,,,,,,,,,,,,,,,,,,,,,,,,,,,,8.128,0.311,MINOR,OpenSees PDelta is formulation-adjacent; analytic is primary oracle. L3 point load at node 8. Analytic beam-column oracle disabled for modified load pattern. oracle=OpenSees equivalent state and analytic where available
D1,D_special,default,mixed,L4,101.852748726,101.704281517,0.148467208623,0.00145766521257,0.00145766521257,573311.355616,573311.355616,1.31987546464e-13,236355548.597,236032826.101,0.00136541112493,,,,,,,,,,,,,,,,,,,,,,,,,,,,,,,8.167,0.308,MINOR,OpenSees PDelta is formulation-adjacent; analytic is primary oracle. L4 asymmetric load at node 8. Analytic beam-column oracle disabled for modified load pattern. oracle=OpenSees equivalent state and analytic where available
D2,D_special,default,mixed,L1,10.4961904762,10.4961904762,9.52482537286e-12,9.07455461528e-13,9.07455461528e-13,,,,,,,,,,,,,,,,,,,,,,,,,,,,,,,,,,,,,7.510,0.181,KNOWN,Reference: textbook fixed beam hinge state represented in OpenSees by freed support Ry plus residual moment. L1 uses deterministic gravity-like equivalent nodal loads. oracle=OpenSees equivalent state and analytic where available known_gap=CLI has no direct MEMBER release token; HINGE surrogate compares displacement state only
D2,D_special,default,mixed,L2,11.0857142857,11.0857142857,1.42836853456e-11,1.28847677087e-12,1.28847677087e-12,,,,,,,,,,,,,,,,,,,,,,,,,,,,,,,,,,,,,7.705,0.176,KNOWN,Reference: textbook fixed beam hinge state represented in OpenSees by freed support Ry plus residual moment. L2 uses member UDL on horizontal members. oracle=OpenSees equivalent state and analytic where available known_gap=CLI has no direct MEMBER release token; HINGE surrogate compares displacement state only
D2,D_special,default,mixed,L3,27.1428571429,27.1428571429,4.28563851074e-11,1.57891945132e-12,1.57891945132e-12,,,,,,,,,,,,,,,,,,,,,,,,,,,,,,,,,,,,,7.206,0.175,KNOWN,Reference: textbook fixed beam hinge state represented in OpenSees by freed support Ry plus residual moment. L3 point load at node 1. oracle=OpenSees equivalent state and analytic where available known_gap=CLI has no direct MEMBER release token; HINGE surrogate compares displacement state only
D2,D_special,default,mixed,L4,18.8095238095,18.8095238095,2.38102870753e-11,1.2658633635e-12,1.2658633635e-12,,,,,,,,,,,,,,,,,,,,,,,,,,,,,,,,,,,,,7.609,0.158,KNOWN,Reference: textbook fixed beam hinge state represented in OpenSees by freed support Ry plus residual moment. L4 asymmetric load at node 1. oracle=OpenSees equivalent state and analytic where available known_gap=CLI has no direct MEMBER release token; HINGE surrogate compares displacement state only
D3,D_special,default,mixed,L1,1,1,2.85660384236e-13,2.85660384236e-13,2.85660384236e-13,0,0,0,2632500,2632500,3.53778755789e-16,,,,,,,,,,,,,,,,,,,,,,,,,,,,,,,6.333,0.153,MINOR,Reference: OpenSees sp imposed support displacement. L1 uses deterministic gravity-like equivalent nodal loads. oracle=OpenSees equivalent state and analytic where available
D3,D_special,default,mixed,L2,1,1,3.80917519749e-13,3.80917519749e-13,3.80917519749e-13,0,0,0,2891666.66667,2891666.66667,1.15285388674e-12,,,,,,,,,,,,,,,,,,,,,,,,,,,,,,,7.006,0.174,MINOR,Reference: OpenSees sp imposed support displacement. L2 uses member UDL on horizontal members. oracle=OpenSees equivalent state and analytic where available
D3,D_special,default,mixed,L3,1.69047619048,1.69047619048,3.8096192867e-12,2.25357760621e-12,2.25357760621e-12,0,0,0,15125000,15125000,1.23150092511e-16,,,,,,,,,,,,,,,,,,,,,,,,,,,,,,,6.700,0.163,MINOR,Reference: OpenSees sp imposed support displacement. L3 point load at node 1. oracle=OpenSees equivalent state and analytic where available
D3,D_special,default,mixed,L4,1.09523809524,1.09523809524,1.90469862105e-12,1.739072654e-12,1.739072654e-12,12500,12500,0,9368330.96128,9368330.96128,1.98823585218e-16,,,,,,,,,,,,,,,,,,,,,,,,,,,,,,,6.781,0.165,MINOR,Reference: OpenSees sp imposed support displacement. L4 asymmetric load at node 1. oracle=OpenSees equivalent state and analytic where available
D4,D_special,default,mixed,L1,0.3560952889,0.3560952889,4.28101998295e-13,1.20221191249e-12,1.20221191249e-12,130582.03995,130582.03995,3.21099965623e-12,13001401.529,13001401.529,3.455980406e-12,,,,,,,,,,,,,,,,,,,,,,,,,,,,,,,30.241,0.249,MINOR,Reference: equivalent linear OpenSees model; prestress represented by compressive nodal loads. L1 uses deterministic gravity-like equivalent nodal loads. oracle=OpenSees equivalent state and analytic where available
D4,D_special,default,mixed,L2,0.356486207277,0.356486207277,4.1028291875e-13,1.150908255e-12,1.150908255e-12,130096.41495,130096.41495,3.22399239662e-12,13737110.5392,13737110.5392,2.14452636136e-12,,,,,,,,,,,,,,,,,,,,,,,,,,,,,,,7.903,0.192,MINOR,Reference: equivalent linear OpenSees model; prestress represented by compressive nodal loads. L2 uses member UDL on horizontal members. oracle=OpenSees equivalent state and analytic where available
D4,D_special,default,mixed,L3,0.362620599829,0.362620599829,3.35842464949e-13,9.26153850904e-13,9.26153850904e-13,177660.009708,177660.009708,3.65640808453e-13,13110617.2561,13110617.2561,7.34509690384e-13,,,,,,,,,,,,,,,,,,,,,,,,,,,,,,,7.595,0.179,MINOR,Reference: equivalent linear OpenSees model; prestress represented by compressive nodal loads. L3 point load at node 3. oracle=OpenSees equivalent state and analytic where available
D4,D_special,default,mixed,L4,1.30741925929,1.30741925929,4.89874807386e-12,3.74688382403e-12,3.74688382403e-12,158341.250029,158341.250029,6.73643403752e-13,52910467.2155,52910467.2155,5.55796294451e-13,,,,,,,,,,,,,,,,,,,,,,,,,,,,,,,7.368,0.186,MINOR,Reference: equivalent linear OpenSees model; prestress represented by compressive nodal loads. L4 asymmetric load at node 3. oracle=OpenSees equivalent state and analytic where available
A1,L6_modal,default,member,L6,0,0,0,0,0,0,0,0,0,0,0,66.1051824069,103.704695458,127.093246861,,,,,,,,66.131258047,103.704695458,127.130110698,,,,,,,,0.000394301286851,4.51602433162e-12,0.000289969360955,,,,,,,,7.309,0.589,MINOR,Oracle: OpenSees elasticBeamColumn. oracle=OpenSees eigen with consistent beam mass
A2,L6_modal,default,member,L6,0,0,0,0,0,0,0,0,0,0,0,15.0596122308,15.3918292067,16.7453429079,33.9343109013,43.6583863489,47.1767191016,48.1108631008,51.9885146958,55.3911491014,58.9820141586,15.0596733927,15.3918845703,16.7455384085,33.9345103538,43.6591250837,47.1783993341,48.1123703142,51.9901424714,55.3923214233,58.983605915,4.06130201017e-06,3.59693583742e-06,1.1674787942e-05,5.87757130437e-06,1.69205124948e-05,3.56144448119e-05,3.13269408584e-05,3.1309312447e-05,2.11639781235e-05,2.69864201005e-05,229.025,51.079,MINOR,Oracle: OpenSees elasticBeamColumn. oracle=OpenSees eigen with consistent beam mass
B1,L6_modal,default,member,L6,0,0,0,0,0,0,0,0,0,0,0,12.2669355181,36.8008065544,56.214160557,,,,,,,,12.2669355181,36.8008065544,56.214160557,,,,,,,,3.80817459205e-12,1.09089088879e-12,8.83530710722e-13,,,,,,,,7.177,0.480,MINOR,Oracle: OpenSees continuous elastic beam. oracle=OpenSees eigen with consistent beam mass
D3,L6_modal,default,member,L6,1,1,0,0,0,0,0,0,2625000,2625000,0,848.666706566,848.666706566,3059.9113263,,,,,,,,848.666706566,848.666706566,3059.9113263,,,,,,,,2.24783784047e-13,2.24783784047e-13,1.16008519283e-12,,,,,,,,8.216,0.387,MINOR,Reference: OpenSees sp imposed support displacement. oracle=OpenSees eigen with consistent beam mass
